timestamp,open,high,low,close
2021-01-06 06:55:00,35055.4,35118.49,35044.0,35101.66
2021-01-06 06:56:00,35101.66,35160.0,35100.0,35125.82
2021-01-06 06:57:00,35125.75,35199.87,35113.53,35162.08
2021-01-06 06:58:00,35162.09,35209.0,35162.08,35179.18
2021-01-06 06:59:00,35179.17,35181.39,35120.0,35125.51
2021-01-06 07:00:00,35125.49,35155.0,35120.45,35145.49
2021-01-06 07:01:00,35145.49,35210.0,35141.24,35208.32
2021-01-06 07:02:00,35208.31,35248.63,35177.0,35199.52
2021-01-06 07:03:00,35199.51,35202.54,35133.5,35150.24
2021-01-06 07:04:00,35150.25,35189.75,35092.26,35159.34
2021-01-06 07:05:00,35159.33,35200.0,35154.01,35160.0
2021-01-06 07:06:00,35159.99,35160.0,35130.51,35154.26
2021-01-06 07:07:00,35151.65,35160.46,35085.5,35092.08
2021-01-06 07:08:00,35092.08,35092.08,34961.02,34997.9
2021-01-06 07:09:00,34997.89,35014.0,34943.48,34943.48
2021-01-06 07:10:00,34943.41,35000.0,34923.02,34999.71
2021-01-06 07:11:00,34998.78,35025.88,34991.84,35003.26
2021-01-06 07:12:00,35003.26,35044.8,35001.5,35021.93
2021-01-06 07:13:00,35021.93,35025.81,34937.58,34956.55
2021-01-06 07:14:00,34956.55,35009.12,34944.63,34977.75
2021-01-06 07:15:00,34977.74,35010.95,34940.73,34943.66
2021-01-06 07:16:00,34944.73,34950.53,34840.87,34844.55
2021-01-06 07:17:00,34844.88,34915.61,34828.57,34871.55
2021-01-06 07:18:00,34874.06,34911.59,34874.06,34875.77
2021-01-06 07:19:00,34875.77,34904.34,34868.5,34882.44
2021-01-06 07:20:00,34882.45,34922.92,34882.44,34908.33
2021-01-06 07:21:00,34908.34,34922.49,34863.0,34863.01
2021-01-06 07:22:00,34863.01,34910.58,34808.27,34903.39
2021-01-06 07:23:00,34903.38,34959.15,34903.38,34928.19
2021-01-06 07:24:00,34928.21,34932.8,34860.75,34893.22
2021-01-06 07:25:00,34893.22,34917.74,34872.86,34907.26
2021-01-06 07:26:00,34907.26,34975.99,34904.02,34955.55
2021-01-06 07:27:00,34952.17,34960.0,34925.08,34942.51
2021-01-06 07:28:00,34942.51,35000.0,34940.74,34995.54
2021-01-06 07:29:00,34998.8,35049.17,34995.22,35014.8
2021-01-06 07:30:00,35014.8,35025.19,34955.25,34965.44
2021-01-06 07:31:00,34960.48,34960.48,34877.28,34880.99
2021-01-06 07:32:00,34880.99,34908.23,34813.67,34847.06
2021-01-06 07:33:00,34850.25,34879.06,34831.2,34878.04
2021-01-06 07:34:00,34878.53,34887.25,34833.2,34874.54
2021-01-06 07:35:00,34874.55,34936.8,34856.71,34925.07
2021-01-06 07:36:00,34925.07,34927.53,34900.97,34905.82
2021-01-06 07:37:00,34905.81,34909.79,34867.14,34901.64
2021-01-06 07:38:00,34901.65,34906.51,34858.96,34903.03
2021-01-06 07:39:00,34903.03,34910.32,34865.3,34865.46
2021-01-06 07:40:00,34865.47,34866.06,34786.12,34786.12
2021-01-06 07:41:00,34790.04,34820.67,34721.89,34729.47
2021-01-06 07:42:00,34729.47,34817.01,34721.53,34802.31
2021-01-06 07:43:00,34803.02,34813.59,34755.02,34769.55
2021-01-06 07:44:00,34769.55,34839.98,34765.08,34826.92
2021-01-06 07:45:00,34826.91,34838.23,34600.0,34618.85
2021-01-06 07:46:00,34618.85,34667.43,34545.0,34644.81
2021-01-06 07:47:00,34644.81,34644.81,34412.0,34500.4
2021-01-06 07:48:00,34500.4,34517.14,34350.0,34416.69
2021-01-06 07:49:00,34417.0,34522.27,34402.84,34498.97
2021-01-06 07:50:00,34493.5,34600.02,34468.83,34567.24
2021-01-06 07:51:00,34561.5,34567.24,34468.9,34541.69
2021-01-06 07:52:00,34541.7,34641.67,34507.5,34604.48
2021-01-06 07:53:00,34604.56,34692.91,34600.0,34660.7
2021-01-06 07:54:00,34660.7,34734.29,34650.02,34661.08
2021-01-06 07:55:00,34661.07,34661.07,34599.99,34606.68
2021-01-06 07:56:00,34606.67,34607.23,34544.89,34575.97
2021-01-06 07:57:00,34575.97,34686.87,34574.07,34667.31
2021-01-06 07:58:00,34665.74,34700.0,34629.64,34645.03
2021-01-06 07:59:00,34637.59,34697.58,34637.59,34676.4
2021-01-06 08:00:00,34666.8,34868.92,34657.71,34828.53
2021-01-06 08:01:00,34823.06,34930.0,34792.58,34897.13
2021-01-06 08:02:00,34897.94,34950.77,34897.93,34899.99
2021-01-06 08:03:00,34899.99,34932.8,34800.0,34886.64
2021-01-06 08:04:00,34886.65,34941.51,34842.56,34924.13
2021-01-06 08:05:00,34922.43,34948.05,34872.25,34903.08
2021-01-06 08:06:00,34903.09,34918.79,34857.67,34865.79
2021-01-06 08:07:00,34857.39,34900.0,34830.02,34836.69
2021-01-06 08:08:00,34836.69,34860.57,34791.39,34820.39
2021-01-06 08:09:00,34820.38,34885.0,34811.11,34837.73
2021-01-06 08:10:00,34838.08,34848.04,34807.69,34818.99
2021-01-06 08:11:00,34818.99,34862.54,34811.59,34854.88
2021-01-06 08:12:00,34854.88,34860.93,34790.01,34796.44
2021-01-06 08:13:00,34794.08,34795.7,34717.65,34737.11
2021-01-06 08:14:00,34737.12,34765.32,34621.98,34659.18
2021-01-06 08:15:00,34646.25,34649.99,34500.33,34597.76
2021-01-06 08:16:00,34602.5,34671.95,34598.41,34600.81
2021-01-06 08:17:00,34600.81,34606.74,34550.0,34563.08
2021-01-06 08:18:00,34557.82,34590.0,34458.57,34492.95
2021-01-06 08:19:00,34492.95,34551.68,34471.91,34498.34
2021-01-06 08:20:00,34501.53,34593.24,34498.36,34577.86
2021-01-06 08:21:00,34577.86,34577.86,34533.83,34552.76
2021-01-06 08:22:00,34550.11,34605.51,34526.09,34601.17
2021-01-06 08:23:00,34599.25,34600.01,34528.71,34592.48
2021-01-06 08:24:00,34592.47,34596.99,34550.9,34558.5
2021-01-06 08:25:00,34558.51,34622.25,34554.77,34611.7
2021-01-06 08:26:00,34609.56,34642.83,34604.18,34641.33
2021-01-06 08:27:00,34642.59,34642.6,34501.0,34525.62
2021-01-06 08:28:00,34525.61,34530.25,34360.0,34376.37
2021-01-06 08:29:00,34376.45,34430.23,34130.0,34179.69
2021-01-06 08:30:00,34179.69,34302.4,34015.0,34269.21
2021-01-06 08:31:00,34270.13,34471.1,34230.67,34422.95
2021-01-06 08:32:00,34422.96,34440.88,34271.19,34330.37
2021-01-06 08:33:00,34335.15,34432.35,34316.89,34351.17
2021-01-06 08:34:00,34343.27,34398.0,34340.69,34383.39
2021-01-06 08:35:00,34383.37,34398.0,34355.01,34355.01
2021-01-06 08:36:00,34358.31,34413.75,34307.16,34307.19
2021-01-06 08:37:00,34310.81,34441.11,34255.1,34439.39
2021-01-06 08:38:00,34439.39,34500.0,34405.3,34474.3
2021-01-06 08:39:00,34474.3,34507.81,34443.54,34482.18
2021-01-06 08:40:00,34482.18,34488.58,34365.29,34384.86
2021-01-06 08:41:00,34383.13,34445.16,34366.72,34389.81
2021-01-06 08:42:00,34389.81,34491.89,34373.78,34491.88
2021-01-06 08:43:00,34491.89,34515.65,34457.15,34460.18
2021-01-06 08:44:00,34460.18,34478.71,34444.93,34471.31
2021-01-06 08:45:00,34472.62,34573.74,34468.67,34545.72
2021-01-06 08:46:00,34545.71,34590.0,34541.61,34564.54
2021-01-06 08:47:00,34564.54,34571.11,34500.28,34506.82
2021-01-06 08:48:00,34506.81,34527.0,34500.27,34511.19
2021-01-06 08:49:00,34510.65,34514.99,34403.62,34446.43
2021-01-06 08:50:00,34446.43,34500.0,34446.43,34486.96
2021-01-06 08:51:00,34486.96,34578.0,34486.96,34575.13
2021-01-06 08:52:00,34575.14,34600.0,34526.2,34544.61
2021-01-06 08:53:00,34541.86,34549.86,34528.0,34537.55
2021-01-06 08:54:00,34537.54,34544.98,34458.15,34464.64
2021-01-06 08:55:00,34464.65,34600.0,34464.65,34579.21
2021-01-06 08:56:00,34584.31,34616.68,34564.63,34599.49
2021-01-06 08:57:00,34600.97,34616.67,34554.18,34565.37
2021-01-06 08:58:00,34565.37,34636.16,34565.37,34617.62
2021-01-06 08:59:00,34617.62,34617.63,34575.7,34594.28
2021-01-06 09:00:00,34596.08,34607.69,34530.06,34541.52
2021-01-06 09:01:00,34541.51,34582.35,34527.64,34527.64
2021-01-06 09:02:00,34527.64,34535.36,34461.83,34495.01
2021-01-06 09:03:00,34492.66,34509.66,34401.0,34420.94
2021-01-06 09:04:00,34420.93,34441.67,34401.0,34401.01
2021-01-06 09:05:00,34401.01,34431.33,34389.72,34400.0
2021-01-06 09:06:00,34400.01,34486.3,34394.6,34473.58
2021-01-06 09:07:00,34478.52,34478.52,34378.0,34378.92
2021-01-06 09:08:00,34378.01,34379.5,34254.69,34269.76
2021-01-06 09:09:00,34268.82,34281.58,34080.88,34134.08
2021-01-06 09:10:00,34118.27,34300.0,34111.62,34249.71
2021-01-06 09:11:00,34249.7,34255.29,34093.91,34143.7
2021-01-06 09:12:00,34143.69,34168.95,33801.0,33919.7
2021-01-06 09:13:00,33918.08,33999.0,33800.0,33904.28
2021-01-06 09:14:00,33905.31,34053.32,33885.79,34031.79
2021-01-06 09:15:00,34031.78,34100.0,33965.19,34064.89
2021-01-06 09:16:00,34064.89,34070.76,33850.0,33854.31
2021-01-06 09:17:00,33854.32,33881.33,33600.0,33771.31
2021-01-06 09:18:00,33774.88,33881.09,33773.0,33852.87
2021-01-06 09:19:00,33852.87,33960.21,33357.9,33773.05
2021-01-06 09:20:00,33776.08,33876.52,33656.6,33757.88
2021-01-06 09:21:00,33757.53,33827.9,33706.13,33746.73
2021-01-06 09:22:00,33741.53,33855.92,33732.53,33846.24
2021-01-06 09:23:00,33855.53,33908.53,33821.51,33854.87
2021-01-06 09:24:00,33854.86,33866.25,33711.5,33740.86
2021-01-06 09:25:00,33740.86,33900.0,33740.86,33899.99
2021-01-06 09:26:00,33899.99,33946.5,33850.0,33856.59
2021-01-06 09:27:00,33856.6,33932.05,33850.01,33926.35
2021-01-06 09:28:00,33927.76,33999.68,33905.74,33983.94
2021-01-06 09:29:00,33983.94,33983.94,33918.92,33952.81
2021-01-06 09:30:00,33952.81,34037.75,33951.9,34031.34
2021-01-06 09:31:00,34030.96,34045.13,33952.59,34042.59
2021-01-06 09:32:00,34044.43,34044.43,33969.84,33969.84
2021-01-06 09:33:00,33970.04,34010.16,33900.0,33914.9
2021-01-06 09:34:00,33914.9,34023.04,33913.37,33989.61
2021-01-06 09:35:00,33989.61,34016.59,33904.62,33935.17
2021-01-06 09:36:00,33935.17,33943.22,33840.57,33874.41
2021-01-06 09:37:00,33874.41,33966.1,33862.83,33947.78
2021-01-06 09:38:00,33947.78,33993.04,33906.13,33989.44
2021-01-06 09:39:00,33989.44,34050.3,33989.44,34014.23
2021-01-06 09:40:00,34018.85,34026.41,33951.03,34011.0
2021-01-06 09:41:00,34012.76,34028.37,33990.51,34028.37
2021-01-06 09:42:00,34028.46,34115.35,34028.46,34088.14
2021-01-06 09:43:00,34088.15,34105.71,34050.0,34082.75
2021-01-06 09:44:00,34082.75,34099.0,34057.61,34057.62
2021-01-06 09:45:00,34057.61,34148.03,34057.53,34112.31
2021-01-06 09:46:00,34112.31,34119.93,34010.92,34037.96
2021-01-06 09:47:00,34037.96,34062.48,33980.3,34003.87
2021-01-06 09:48:00,34003.88,34082.57,33992.64,34021.77
2021-01-06 09:49:00,34022.86,34039.13,33955.33,33980.72
2021-01-06 09:50:00,33980.72,34036.8,33975.84,34018.51
2021-01-06 09:51:00,34018.15,34082.88,34018.14,34069.88
2021-01-06 09:52:00,34069.88,34102.03,34062.92,34080.72
2021-01-06 09:53:00,34080.72,34091.45,33975.9,33978.16
2021-01-06 09:54:00,33975.9,34028.33,33951.93,34021.33
2021-01-06 09:55:00,34022.96,34050.0,34004.94,34011.03
2021-01-06 09:56:00,34011.03,34069.61,34005.76,34022.76
2021-01-06 09:57:00,34022.76,34037.02,33940.0,33967.02
2021-01-06 09:58:00,33967.02,33969.4,33919.66,33934.77
2021-01-06 09:59:00,33934.76,33934.77,33880.08,33919.5
2021-01-06 10:00:00,33919.5,33951.02,33834.61,33950.14
2021-01-06 10:01:00,33950.15,34111.91,33938.57,34094.72
2021-01-06 10:02:00,34094.72,34210.0,34086.66,34206.0
2021-01-06 10:03:00,34204.07,34240.0,34186.31,34210.18
2021-01-06 10:04:00,34210.19,34240.99,34182.87,34201.0
2021-01-06 10:05:00,34201.0,34238.13,34175.83,34194.78
2021-01-06 10:06:00,34194.77,34208.64,34150.0,34175.42
2021-01-06 10:07:00,34175.43,34225.46,34168.27,34194.16
2021-01-06 10:08:00,34194.17,34238.12,34190.0,34205.84
2021-01-06 10:09:00,34206.18,34220.92,34180.93,34220.09
2021-01-06 10:10:00,34220.09,34220.1,34173.5,34180.72
2021-01-06 10:11:00,34180.73,34219.99,34177.27,34210.01
2021-01-06 10:12:00,34210.02,34374.49,34210.02,34354.2
2021-01-06 10:13:00,34354.2,34360.2,34297.45,34306.61
2021-01-06 10:14:00,34306.6,34328.84,34300.0,34303.43
2021-01-06 10:15:00,34303.43,34305.83,34225.44,34262.91
2021-01-06 10:16:00,34260.47,34368.43,34235.06,34365.04
2021-01-06 10:17:00,34366.03,34387.01,34309.28,34329.94
2021-01-06 10:18:00,34330.39,34359.13,34278.25,34300.0
2021-01-06 10:19:00,34300.0,34300.01,34238.61,34270.31
2021-01-06 10:20:00,34270.28,34271.68,34228.26,34234.68
2021-01-06 10:21:00,34236.91,34240.0,34219.46,34237.64
2021-01-06 10:22:00,34237.63,34333.15,34227.18,34306.91
2021-01-06 10:23:00,34309.97,34328.29,34273.79,34300.32
2021-01-06 10:24:00,34300.31,34302.68,34244.47,34264.6
2021-01-06 10:25:00,34264.6,34264.6,34200.34,34261.78
2021-01-06 10:26:00,34261.78,34264.99,34208.22,34224.92
2021-01-06 10:27:00,34224.92,34269.71,34214.8,34238.38
2021-01-06 10:28:00,34238.38,34281.87,34236.75,34250.0
2021-01-06 10:29:00,34250.01,34250.01,34199.99,34213.26
2021-01-06 10:30:00,34211.51,34245.08,34202.57,34223.33
2021-01-06 10:31:00,34223.33,34243.99,34201.63,34215.36
2021-01-06 10:32:00,34215.35,34280.45,34212.29,34280.45
2021-01-06 10:33:00,34270.14,34399.0,34261.68,34390.08
2021-01-06 10:34:00,34390.08,34449.6,34364.76,34370.22
2021-01-06 10:35:00,34372.74,34421.63,34372.73,34394.09
2021-01-06 10:36:00,34394.08,34450.0,34387.61,34426.13
2021-01-06 10:37:00,34426.13,34469.09,34418.0,34419.99
2021-01-06 10:38:00,34420.01,34449.99,34380.35,34392.27
2021-01-06 10:39:00,34392.26,34400.0,34352.86,34360.25
2021-01-06 10:40:00,34360.25,34406.31,34354.93,34365.88
2021-01-06 10:41:00,34365.88,34381.97,34321.78,34349.03
2021-01-06 10:42:00,34349.03,34351.34,34310.0,34332.46
2021-01-06 10:43:00,34332.47,34362.76,34320.57,34330.15
2021-01-06 10:44:00,34332.01,34371.07,34309.68,34367.88
2021-01-06 10:45:00,34367.89,34476.15,34367.89,34467.85
2021-01-06 10:46:00,34467.85,34550.0,34431.39,34543.87
2021-01-06 10:47:00,34543.92,34544.23,34491.2,34525.26
2021-01-06 10:48:00,34525.26,34539.41,34482.22,34491.38
2021-01-06 10:49:00,34493.12,34511.58,34447.36,34483.62
2021-01-06 10:50:00,34483.62,34518.17,34445.46,34447.37
2021-01-06 10:51:00,34447.36,34493.1,34425.14,34493.09
2021-01-06 10:52:00,34493.09,34500.0,34445.0,34457.81
2021-01-06 10:53:00,34458.76,34500.0,34420.0,34445.21
2021-01-06 10:54:00,34440.95,34492.32,34417.36,34467.69
2021-01-06 10:55:00,34466.18,34499.98,34452.96,34457.93
2021-01-06 10:56:00,34457.93,34462.04,34420.0,34428.77
2021-01-06 10:57:00,34429.57,34474.99,34416.4,34419.77
2021-01-06 10:58:00,34423.33,34457.12,34416.03,34421.57
2021-01-06 10:59:00,34421.58,34433.84,34411.24,34417.36
2021-01-06 11:00:00,34417.37,34425.99,34350.0,34350.0
2021-01-06 11:01:00,34350.0,34401.23,34342.87,34378.35
2021-01-06 11:02:00,34378.34,34440.0,34373.08,34429.99
2021-01-06 11:03:00,34430.0,34652.55,34429.07,34648.79
2021-01-06 11:04:00,34650.76,34709.33,34600.24,34695.73
2021-01-06 11:05:00,34693.05,34900.0,34689.51,34829.36
2021-01-06 11:06:00,34822.53,34900.0,34761.54,34858.6
2021-01-06 11:07:00,34858.6,34900.0,34800.0,34861.41
2021-01-06 11:08:00,34861.4,34900.0,34840.0,34872.63
2021-01-06 11:09:00,34870.18,34900.0,34844.36,34894.63
2021-01-06 11:10:00,34894.62,34931.38,34845.4,34919.0
2021-01-06 11:11:00,34919.01,34978.74,34876.84,34876.84
2021-01-06 11:12:00,34876.84,35000.0,34815.72,34884.61
2021-01-06 11:13:00,34890.12,34890.87,34821.73,34864.97
2021-01-06 11:14:00,34864.97,34958.44,34862.55,34958.43
2021-01-06 11:15:00,34958.43,35048.3,34948.19,34981.79
2021-01-06 11:16:00,34969.06,35165.6,34937.6,35084.24
2021-01-06 11:17:00,35081.46,35132.98,35050.0,35106.69
2021-01-06 11:18:00,35106.68,35179.0,35030.46,35122.56
2021-01-06 11:19:00,35122.56,35200.0,35057.15,35070.9
2021-01-06 11:20:00,35070.9,35074.6,34921.61,34957.92
2021-01-06 11:21:00,34957.91,34962.0,34800.0,34834.61
2021-01-06 11:22:00,34833.92,34884.89,34752.5,34765.99
2021-01-06 11:23:00,34764.38,34831.89,34727.02,34797.64
2021-01-06 11:24:00,34797.99,34916.72,34794.15,34829.66
2021-01-06 11:25:00,34829.66,34856.04,34752.13,34795.31
2021-01-06 11:26:00,34795.3,34863.41,34758.0,34848.73
2021-01-06 11:27:00,34847.88,34893.39,34803.28,34814.08
2021-01-06 11:28:00,34816.03,34838.37,34782.52,34782.53
2021-01-06 11:29:00,34782.52,34782.53,34611.57,34685.44
2021-01-06 11:30:00,34676.38,34784.72,34676.38,34750.0
2021-01-06 11:31:00,34747.96,34748.07,34658.31,34739.39
2021-01-06 11:32:00,34739.39,34798.14,34732.97,34795.64
2021-01-06 11:33:00,34795.96,34856.68,34795.09,34800.09
2021-01-06 11:34:00,34806.15,34866.26,34795.22,34841.48
2021-01-06 11:35:00,34845.62,34853.54,34814.16,34834.91
2021-01-06 11:36:00,34834.92,34844.8,34778.07,34823.81
2021-01-06 11:37:00,34823.82,34890.63,34823.82,34873.68
2021-01-06 11:38:00,34873.68,34880.76,34802.58,34804.33
2021-01-06 11:39:00,34804.36,34866.57,34795.93,34827.71
2021-01-06 11:40:00,34827.72,34835.59,34756.89,34766.83
2021-01-06 11:41:00,34766.83,34835.0,34762.38,34815.48
2021-01-06 11:42:00,34815.47,34825.0,34781.89,34811.93
2021-01-06 11:43:00,34816.22,34849.82,34803.83,34837.79
2021-01-06 11:44:00,34837.79,34842.86,34763.76,34777.87
2021-01-06 11:45:00,34777.87,34817.69,34714.28,34788.24
2021-01-06 11:46:00,34788.25,34887.28,34788.25,34881.95
2021-01-06 11:47:00,34881.95,34894.75,34847.38,34870.46
2021-01-06 11:48:00,34870.45,34870.46,34783.22,34793.59
2021-01-06 11:49:00,34791.71,34794.38,34713.99,34723.08
2021-01-06 11:50:00,34723.09,34723.09,34551.0,34622.59
2021-01-06 11:51:00,34622.36,34951.77,34600.0,34661.58
2021-01-06 11:52:00,34661.58,34860.61,34632.02,34822.35
2021-01-06 11:53:00,34832.21,34936.64,34826.82,34903.73
2021-01-06 11:54:00,34903.73,34948.48,34876.82,34935.85
2021-01-06 11:55:00,34935.86,34950.0,34865.0,34883.03
2021-01-06 11:56:00,34883.77,34936.9,34872.93,34930.5
2021-01-06 11:57:00,34928.23,34934.15,34899.12,34909.26
2021-01-06 11:58:00,34909.25,34990.0,34885.96,34987.11
2021-01-06 11:59:00,34985.62,34986.59,34910.77,34918.53
2021-01-06 12:00:00,34918.54,35088.0,34914.4,34959.99
2021-01-06 12:01:00,34959.99,34980.8,34821.73,34828.57
2021-01-06 12:02:00,34828.57,34854.42,34757.93,34761.33
2021-01-06 12:03:00,34761.33,34809.86,34749.36,34752.88
2021-01-06 12:04:00,34752.87,34755.8,34694.79,34738.46
2021-01-06 12:05:00,34738.45,34809.68,34733.27,34779.28
2021-01-06 12:06:00,34779.28,34838.71,34740.01,34829.86
2021-01-06 12:07:00,34829.62,34860.0,34800.0,34823.33
2021-01-06 12:08:00,34822.7,34885.6,34791.54,34811.25
2021-01-06 12:09:00,34812.18,34860.84,34784.07,34795.02
2021-01-06 12:10:00,34795.02,34844.0,34758.37,34831.15
2021-01-06 12:11:00,34831.14,34855.0,34790.14,34842.77
2021-01-06 12:12:00,34842.76,34864.89,34815.73,34853.95
2021-01-06 12:13:00,34853.95,34950.0,34813.32,34944.11
2021-01-06 12:14:00,34944.11,34998.72,34910.07,34986.05
2021-01-06 12:15:00,34986.05,34991.83,34900.0,34910.15
2021-01-06 12:16:00,34910.16,34969.94,34903.46,34932.42
2021-01-06 12:17:00,34932.41,34950.0,34900.0,34900.67
2021-01-06 12:18:00,34900.67,34900.67,34820.13,34821.35
2021-01-06 12:19:00,34821.35,34842.46,34780.0,34807.34
2021-01-06 12:20:00,34807.61,34887.31,34806.02,34838.91
2021-01-06 12:21:00,34838.91,34889.78,34800.3,34802.16
2021-01-06 12:22:00,34803.41,34835.37,34750.0,34801.86
2021-01-06 12:23:00,34801.84,34844.37,34799.85,34809.96
2021-01-06 12:24:00,34809.94,34835.31,34780.2,34818.74
2021-01-06 12:25:00,34816.82,34827.04,34760.19,34769.89
2021-01-06 12:26:00,34769.34,34843.48,34740.0,34829.03
2021-01-06 12:27:00,34829.04,34900.0,34823.32,34898.2
2021-01-06 12:28:00,34898.2,34900.0,34860.01,34887.98
2021-01-06 12:29:00,34887.98,34900.0,34857.36,34886.0
2021-01-06 12:30:00,34886.0,34886.0,34834.25,34834.28
2021-01-06 12:31:00,34834.27,34863.31,34809.72,34857.73
2021-01-06 12:32:00,34857.74,34859.96,34826.9,34850.96
2021-01-06 12:33:00,34850.97,34857.22,34730.0,34744.85
2021-01-06 12:34:00,34744.92,34748.4,34562.97,34631.49
2021-01-06 12:35:00,34640.89,34657.0,34579.71,34644.54
2021-01-06 12:36:00,34644.54,34694.21,34574.26,34579.2
2021-01-06 12:37:00,34580.26,34600.0,34502.81,34595.16
2021-01-06 12:38:00,34597.47,34670.01,34577.92,34587.81
2021-01-06 12:39:00,34585.74,34664.78,34577.92,34648.0
2021-01-06 12:40:00,34648.0,34681.3,34604.12,34607.3
2021-01-06 12:41:00,34605.63,34661.15,34580.0,34593.55
2021-01-06 12:42:00,34591.57,34642.12,34565.25,34637.82
2021-01-06 12:43:00,34637.81,34649.15,34584.3,34641.74
2021-01-06 12:44:00,34641.74,34642.24,34562.12,34594.43
2021-01-06 12:45:00,34594.43,34600.0,34415.61,34443.86
2021-01-06 12:46:00,34445.31,34537.56,34441.88,34523.97
2021-01-06 12:47:00,34523.97,34570.31,34523.97,34547.27
2021-01-06 12:48:00,34543.23,34624.2,34543.23,34611.3
2021-01-06 12:49:00,34614.23,34673.16,34597.31,34669.84
2021-01-06 12:50:00,34669.83,34690.0,34627.95,34690.0
2021-01-06 12:51:00,34689.99,34849.78,34688.34,34841.85
2021-01-06 12:52:00,34841.85,34885.71,34823.59,34867.03
2021-01-06 12:53:00,34867.02,34870.0,34787.28,34794.64
2021-01-06 12:54:00,34788.36,34860.33,34787.35,34819.99
2021-01-06 12:55:00,34820.0,34839.99,34779.78,34803.88
2021-01-06 12:56:00,34803.88,34809.99,34738.88,34771.97
2021-01-06 12:57:00,34771.98,34800.0,34733.39,34760.05
2021-01-06 12:58:00,34760.05,34905.82,34752.98,34885.0
2021-01-06 12:59:00,34885.0,34930.64,34882.61,34929.87
2021-01-06 13:00:00,34929.87,35050.0,34921.73,34990.11
2021-01-06 13:01:00,34990.15,35040.18,34956.61,35003.36
2021-01-06 13:02:00,35003.35,35003.35,34955.0,34964.71
2021-01-06 13:03:00,34963.75,34972.53,34898.36,34909.58
2021-01-06 13:04:00,34909.58,34945.12,34872.4,34902.63
2021-01-06 13:05:00,34902.64,34902.64,34791.47,34833.66
2021-01-06 13:06:00,34833.66,34838.36,34744.4,34778.08
2021-01-06 13:07:00,34780.08,34824.79,34756.14,34816.88
2021-01-06 13:08:00,34818.53,34829.19,34753.08,34768.68
2021-01-06 13:09:00,34768.67,34775.18,34677.94,34677.94
2021-01-06 13:10:00,34677.88,34744.22,34667.89,34714.18
2021-01-06 13:11:00,34710.12,34738.77,34687.99,34730.0
2021-01-06 13:12:00,34729.98,34738.77,34656.54,34679.99
2021-01-06 13:13:00,34679.99,34706.17,34520.0,34547.68
2021-01-06 13:14:00,34547.68,34632.07,34530.0,34549.78
2021-01-06 13:15:00,34550.66,34596.28,34500.0,34554.7
2021-01-06 13:16:00,34551.58,34557.15,34477.41,34478.86
2021-01-06 13:17:00,34477.84,34584.88,34430.0,34563.05
2021-01-06 13:18:00,34559.21,34651.18,34553.4,34639.44
2021-01-06 13:19:00,34639.44,34652.55,34589.29,34636.99
2021-01-06 13:20:00,34636.99,34709.53,34634.47,34681.0
2021-01-06 13:21:00,34681.0,34690.68,34627.78,34653.43
2021-01-06 13:22:00,34653.42,34690.73,34590.0,34638.41
2021-01-06 13:23:00,34638.4,34695.07,34600.0,34683.46
2021-01-06 13:24:00,34683.46,34691.82,34650.89,34668.69
2021-01-06 13:25:00,34668.7,34691.76,34600.0,34615.65
2021-01-06 13:26:00,34615.66,34619.54,34564.2,34604.68
2021-01-06 13:27:00,34604.68,34642.05,34588.56,34621.73
2021-01-06 13:28:00,34621.73,34633.67,34563.0,34570.46
2021-01-06 13:29:00,34570.46,34608.07,34563.38,34570.44
2021-01-06 13:30:00,34576.05,34576.06,34500.0,34514.19
2021-01-06 13:31:00,34514.18,34561.68,34490.0,34490.01
2021-01-06 13:32:00,34490.0,34520.0,34306.4,34306.4
2021-01-06 13:33:00,34306.4,34456.08,34300.0,34450.5
2021-01-06 13:34:00,34450.51,34460.82,34370.33,34445.65
2021-01-06 13:35:00,34445.65,34515.55,34438.24,34511.29
2021-01-06 13:36:00,34511.31,34535.11,34480.0,34531.94
2021-01-06 13:37:00,34531.93,34579.97,34500.0,34527.8
2021-01-06 13:38:00,34527.81,34527.81,34431.83,34458.19
2021-01-06 13:39:00,34458.19,34546.22,34450.0,34534.17
2021-01-06 13:40:00,34534.18,34534.18,34478.0,34530.23
2021-01-06 13:41:00,34525.9,34622.44,34514.56,34622.44
2021-01-06 13:42:00,34622.43,34648.11,34603.48,34603.49
2021-01-06 13:43:00,34603.5,34616.19,34553.3,34569.22
2021-01-06 13:44:00,34565.66,34565.67,34450.3,34450.3
2021-01-06 13:45:00,34450.3,34461.37,34379.99,34429.5
2021-01-06 13:46:00,34429.5,34472.87,34404.97,34433.1
2021-01-06 13:47:00,34433.09,34433.09,34339.94,34340.91
2021-01-06 13:48:00,34340.92,34393.34,34316.2,34372.83
2021-01-06 13:49:00,34373.91,34385.31,34330.0,34351.5
2021-01-06 13:50:00,34351.5,34425.08,34351.49,34412.67
2021-01-06 13:51:00,34412.68,34448.95,34363.07,34410.26
2021-01-06 13:52:00,34410.26,34470.0,34395.0,34468.78
2021-01-06 13:53:00,34465.37,34530.58,34464.31,34530.57
2021-01-06 13:54:00,34530.57,34568.45,34500.05,34541.07
2021-01-06 13:55:00,34542.05,34542.05,34470.93,34507.82
2021-01-06 13:56:00,34507.82,34507.83,34439.57,34497.91
2021-01-06 13:57:00,34494.87,34509.22,34439.58,34488.23
2021-01-06 13:58:00,34488.22,34586.02,34484.09,34570.58
2021-01-06 13:59:00,34570.57,34576.34,34508.53,34550.0
2021-01-06 14:00:00,34549.99,34549.99,34413.89,34413.89
2021-01-06 14:01:00,34413.9,34468.61,34401.88,34404.05
2021-01-06 14:02:00,34404.04,34404.39,34344.02,34349.94
2021-01-06 14:03:00,34349.94,34414.0,34280.0,34292.78
2021-01-06 14:04:00,34292.79,34360.66,34275.24,34348.88
2021-01-06 14:05:00,34348.88,34452.94,34324.92,34437.03
2021-01-06 14:06:00,34437.02,34437.03,34373.97,34415.06
2021-01-06 14:07:00,34419.34,34430.01,34364.32,34384.92
2021-01-06 14:08:00,34384.93,34417.86,34365.27,34380.97
2021-01-06 14:09:00,34380.97,34382.51,34245.08,34267.01
2021-01-06 14:10:00,34267.01,34310.86,34179.68,34217.0
2021-01-06 14:11:00,34217.01,34218.12,34100.0,34175.13
2021-01-06 14:12:00,34175.12,34179.96,34052.42,34064.98
2021-01-06 14:13:00,34064.99,34196.89,34057.59,34120.16
2021-01-06 14:14:00,34120.15,34131.88,34060.96,34113.75
2021-01-06 14:15:00,34113.76,34224.65,34113.76,34179.6
2021-01-06 14:16:00,34179.58,34207.99,34116.01,34203.81
2021-01-06 14:17:00,34203.82,34278.82,34190.0,34253.61
2021-01-06 14:18:00,34253.61,34253.62,34174.99,34202.98
2021-01-06 14:19:00,34202.97,34241.3,34150.6,34185.91
2021-01-06 14:20:00,34185.91,34209.8,34110.0,34148.46
2021-01-06 14:21:00,34148.46,34198.99,34100.0,34193.35
2021-01-06 14:22:00,34193.35,34280.13,34186.87,34266.91
2021-01-06 14:23:00,34278.78,34320.0,34256.51,34304.18
2021-01-06 14:24:00,34302.76,34320.0,34250.3,34301.15
2021-01-06 14:25:00,34303.64,34317.36,34252.48,34267.73
2021-01-06 14:26:00,34267.74,34297.02,34200.99,34269.07
2021-01-06 14:27:00,34269.07,34269.07,34203.14,34248.77
2021-01-06 14:28:00,34248.77,34294.3,34198.0,34275.02
2021-01-06 14:29:00,34275.19,34391.97,34275.09,34377.17
2021-01-06 14:30:00,34377.17,34377.17,34305.96,34332.94
2021-01-06 14:31:00,34332.95,34332.95,34250.0,34273.03
2021-01-06 14:32:00,34273.03,34325.37,34235.78,34280.55
2021-01-06 14:33:00,34280.54,34300.01,34211.01,34219.85
2021-01-06 14:34:00,34216.58,34279.23,34214.43,34269.99
2021-01-06 14:35:00,34270.0,34311.82,34246.98,34311.31
2021-01-06 14:36:00,34311.31,34446.99,34307.86,34432.72
2021-01-06 14:37:00,34432.71,34485.64,34432.66,34476.74
2021-01-06 14:38:00,34476.74,34536.55,34476.74,34536.55
2021-01-06 14:39:00,34534.51,34570.6,34509.38,34570.53
2021-01-06 14:40:00,34570.53,34593.5,34511.2,34545.95
2021-01-06 14:41:00,34545.94,34545.95,34480.0,34494.33
2021-01-06 14:42:00,34494.33,34535.4,34483.45,34518.63
2021-01-06 14:43:00,34519.18,34535.15,34493.08,34519.86
2021-01-06 14:44:00,34519.85,34578.76,34513.38,34523.89
2021-01-06 14:45:00,34523.88,34530.62,34472.7,34502.58
2021-01-06 14:46:00,34502.58,34502.59,34450.06,34458.31
2021-01-06 14:47:00,34455.17,34486.04,34419.97,34458.76
2021-01-06 14:48:00,34458.77,34527.0,34458.77,34507.67
2021-01-06 14:49:00,34507.69,34543.82,34504.64,34507.41
2021-01-06 14:50:00,34507.42,34507.42,34374.53,34398.58
2021-01-06 14:51:00,34398.58,34434.63,34329.51,34333.66
2021-01-06 14:52:00,34333.67,34375.4,34326.46,34355.97
2021-01-06 14:53:00,34355.97,34374.39,34249.63,34282.3
2021-01-06 14:54:00,34282.3,34319.06,34234.01,34259.82
2021-01-06 14:55:00,34259.81,34264.8,34187.53,34190.53
2021-01-06 14:56:00,34190.53,34202.69,34126.24,34167.83
2021-01-06 14:57:00,34167.84,34230.0,34160.95,34218.83
2021-01-06 14:58:00,34218.83,34252.07,34188.27,34188.28
2021-01-06 14:59:00,34188.27,34230.14,34135.01,34213.46
2021-01-06 15:00:00,34213.58,34269.11,34150.0,34265.0
2021-01-06 15:01:00,34265.01,34349.85,34257.33,34338.1
2021-01-06 15:02:00,34336.22,34351.09,34287.31,34338.29
2021-01-06 15:03:00,34338.3,34343.83,34262.14,34298.66
2021-01-06 15:04:00,34298.67,34325.39,34257.33,34270.59
2021-01-06 15:05:00,34273.98,34283.51,34216.9,34263.53
2021-01-06 15:06:00,34263.53,34325.14,34259.69,34308.34
2021-01-06 15:07:00,34312.52,34364.76,34270.07,34348.99
2021-01-06 15:08:00,34351.37,34421.72,34345.26,34421.72
2021-01-06 15:09:00,34421.72,34454.52,34406.91,34441.84
2021-01-06 15:10:00,34441.83,34449.78,34403.34,34407.44
2021-01-06 15:11:00,34406.23,34495.0,34387.66,34459.38
2021-01-06 15:12:00,34459.45,34468.64,34419.6,34422.94
2021-01-06 15:13:00,34422.95,34560.0,34421.5,34542.46
2021-01-06 15:14:00,34542.45,34562.01,34531.59,34542.11
2021-01-06 15:15:00,34542.11,34626.23,34526.82,34614.0
2021-01-06 15:16:00,34615.81,34660.0,34598.63,34617.6
2021-01-06 15:17:00,34617.61,34649.98,34594.39,34620.85
2021-01-06 15:18:00,34620.85,34716.65,34616.64,34698.32
2021-01-06 15:19:00,34698.91,34717.34,34673.2,34687.67
2021-01-06 15:20:00,34687.66,34711.07,34662.25,34670.77
2021-01-06 15:21:00,34670.78,34670.78,34608.0,34631.5
2021-01-06 15:22:00,34631.49,34733.09,34618.85,34722.7
2021-01-06 15:23:00,34722.71,34734.0,34688.68,34707.52
2021-01-06 15:24:00,34707.52,34769.96,34697.84,34737.8
2021-01-06 15:25:00,34735.61,34735.61,34590.0,34600.0
2021-01-06 15:26:00,34600.0,34649.8,34591.01,34633.14
2021-01-06 15:27:00,34633.14,34660.63,34605.09,34628.34
2021-01-06 15:28:00,34628.34,34660.0,34620.3,34650.26
2021-01-06 15:29:00,34650.26,34660.0,34622.78,34645.49
2021-01-06 15:30:00,34645.49,34707.14,34645.43,34704.47
2021-01-06 15:31:00,34704.47,34747.71,34696.15,34746.67
2021-01-06 15:32:00,34746.68,34746.68,34700.14,34725.52
2021-01-06 15:33:00,34725.52,34774.06,34722.79,34764.14
2021-01-06 15:34:00,34763.25,34790.0,34733.89,34780.0
2021-01-06 15:35:00,34779.99,34780.0,34749.95,34749.95
2021-01-06 15:36:00,34749.95,34758.49,34668.81,34737.38
2021-01-06 15:37:00,34736.89,34736.9,34674.39,34689.94
2021-01-06 15:38:00,34689.94,34727.74,34683.31,34702.18
2021-01-06 15:39:00,34702.18,34719.99,34692.45,34693.58
2021-01-06 15:40:00,34693.57,34702.11,34650.0,34656.19
2021-01-06 15:41:00,34656.18,34687.45,34584.93,34687.45
2021-01-06 15:42:00,34687.44,34699.99,34650.02,34664.29
2021-01-06 15:43:00,34664.29,34730.26,34661.61,34730.22
2021-01-06 15:44:00,34730.23,34764.0,34708.98,34733.48
2021-01-06 15:45:00,34733.47,34733.47,34619.55,34621.37
2021-01-06 15:46:00,34624.8,34624.81,34550.85,34550.86
2021-01-06 15:47:00,34552.71,34577.0,34479.46,34539.41
2021-01-06 15:48:00,34539.42,34571.11,34509.87,34525.94
2021-01-06 15:49:00,34525.94,34539.98,34431.19,34462.24
2021-01-06 15:50:00,34465.51,34526.66,34465.51,34517.1
2021-01-06 15:51:00,34512.77,34559.9,34503.84,34538.4
2021-01-06 15:52:00,34538.4,34540.69,34493.25,34493.26
2021-01-06 15:53:00,34493.26,34533.43,34459.95,34530.94
2021-01-06 15:54:00,34530.94,34547.06,34508.78,34536.21
2021-01-06 15:55:00,34536.22,34553.34,34491.44,34544.64
2021-01-06 15:56:00,34544.65,34590.09,34544.64,34574.49
2021-01-06 15:57:00,34574.48,34576.71,34520.78,34559.49
2021-01-06 15:58:00,34559.48,34582.91,34533.94,34545.87
2021-01-06 15:59:00,34550.28,34591.82,34519.29,34566.19
2021-01-06 16:00:00,34566.18,34699.84,34565.38,34670.29
2021-01-06 16:01:00,34670.31,34842.36,34636.54,34839.54
2021-01-06 16:02:00,34842.36,34939.0,34800.0,34860.0
2021-01-06 16:03:00,34860.01,34973.55,34850.0,34973.55
2021-01-06 16:04:00,34961.37,35076.42,34941.75,35057.99
2021-01-06 16:05:00,35057.99,35076.42,34932.19,34973.07
2021-01-06 16:06:00,34973.53,34975.36,34883.84,34925.25
2021-01-06 16:07:00,34925.25,34981.51,34919.91,34942.4
2021-01-06 16:08:00,34942.39,35030.47,34941.04,34986.71
2021-01-06 16:09:00,34986.71,35010.45,34951.47,34973.19
2021-01-06 16:10:00,34973.19,34977.03,34901.0,34910.84
2021-01-06 16:11:00,34910.84,34910.85,34836.27,34849.06
2021-01-06 16:12:00,34849.07,35006.44,34829.0,35002.01
2021-01-06 16:13:00,35004.62,35004.62,34926.43,34970.4
2021-01-06 16:14:00,34970.39,34985.42,34930.14,34938.36
2021-01-06 16:15:00,34938.35,34990.0,34900.0,34978.45
2021-01-06 16:16:00,34975.55,34990.0,34915.9,34978.71
2021-01-06 16:17:00,34978.71,34985.64,34907.7,34916.7
2021-01-06 16:18:00,34916.7,34933.33,34769.06,34816.13
2021-01-06 16:19:00,34816.14,34897.07,34815.0,34878.83
2021-01-06 16:20:00,34878.82,34947.02,34878.82,34918.61
2021-01-06 16:21:00,34918.61,34930.0,34859.53,34859.53
2021-01-06 16:22:00,34860.01,34924.03,34841.54,34906.75
2021-01-06 16:23:00,34906.74,34912.09,34850.0,34905.81
2021-01-06 16:24:00,34909.61,34913.72,34861.05,34862.56
2021-01-06 16:25:00,34863.87,34873.77,34812.18,34831.94
2021-01-06 16:26:00,34831.93,34963.1,34831.93,34887.83
2021-01-06 16:27:00,34887.84,34887.84,34795.04,34798.25
2021-01-06 16:28:00,34798.25,34866.78,34740.99,34849.97
2021-01-06 16:29:00,34849.98,34854.26,34754.0,34789.43
2021-01-06 16:30:00,34789.43,34860.4,34720.0,34854.2
2021-01-06 16:31:00,34854.2,34909.8,34798.65,34886.86
2021-01-06 16:32:00,34889.59,35006.0,34871.49,34994.45
2021-01-06 16:33:00,34994.45,35006.44,34834.86,34948.24
2021-01-06 16:34:00,34950.0,34990.0,34919.04,34944.41
2021-01-06 16:35:00,34944.42,34978.01,34900.0,34962.52
2021-01-06 16:36:00,34962.52,34962.53,34883.85,34913.37
2021-01-06 16:37:00,34913.36,34931.09,34872.85,34879.93
2021-01-06 16:38:00,34879.93,34880.77,34800.38,34806.09
2021-01-06 16:39:00,34806.08,34860.7,34754.15,34778.9
2021-01-06 16:40:00,34786.41,34808.97,34701.0,34728.03
2021-01-06 16:41:00,34730.27,34780.02,34674.88,34679.71
2021-01-06 16:42:00,34690.45,34711.71,34611.74,34699.91
2021-01-06 16:43:00,34698.15,34710.82,34655.31,34699.61
2021-01-06 16:44:00,34699.61,34749.52,34699.61,34730.1
2021-01-06 16:45:00,34730.1,34772.38,34705.92,34730.33
2021-01-06 16:46:00,34733.04,34799.98,34733.04,34770.75
2021-01-06 16:47:00,34770.75,34780.16,34635.0,34635.27
2021-01-06 16:48:00,34635.27,34703.7,34605.56,34610.42
2021-01-06 16:49:00,34609.83,34649.25,34549.0,34638.5
2021-01-06 16:50:00,34640.35,34641.92,34543.19,34583.15
2021-01-06 16:51:00,34583.15,34605.96,34455.55,34455.84
2021-01-06 16:52:00,34455.84,34534.43,34400.0,34411.92
2021-01-06 16:53:00,34411.92,34471.88,34372.92,34451.86
2021-01-06 16:54:00,34450.0,34513.41,34432.43,34457.43
2021-01-06 16:55:00,34457.43,34518.38,34457.42,34509.47
2021-01-06 16:56:00,34511.26,34547.9,34500.0,34535.31
2021-01-06 16:57:00,34531.95,34568.0,34512.31,34555.26
2021-01-06 16:58:00,34555.19,34594.57,34531.58,34593.96
2021-01-06 16:59:00,34594.02,34622.82,34576.3,34612.41
2021-01-06 17:00:00,34615.98,34637.51,34562.0,34570.01
2021-01-06 17:01:00,34570.02,34742.07,34570.02,34708.91
2021-01-06 17:02:00,34706.54,34761.14,34690.17,34716.42
2021-01-06 17:03:00,34716.45,34759.56,34706.19,34732.78
2021-01-06 17:04:00,34732.77,34750.99,34715.51,34750.99
2021-01-06 17:05:00,34751.0,34810.74,34750.99,34777.64
2021-01-06 17:06:00,34777.65,34777.65,34712.97,34753.35
2021-01-06 17:07:00,34753.35,34753.35,34669.12,34712.18
2021-01-06 17:08:00,34713.18,34766.82,34707.0,34724.61
2021-01-06 17:09:00,34725.0,34787.2,34706.4,34779.51
2021-01-06 17:10:00,34780.44,34784.97,34723.13,34753.2
2021-01-06 17:11:00,34753.21,34754.53,34705.86,34725.2
2021-01-06 17:12:00,34726.55,34732.68,34665.2,34700.85
2021-01-06 17:13:00,34700.84,34777.46,34700.84,34777.46
2021-01-06 17:14:00,34777.45,34830.36,34771.52,34787.52
2021-01-06 17:15:00,34787.52,34796.55,34743.24,34750.0
2021-01-06 17:16:00,34749.99,34774.31,34730.39,34759.62
2021-01-06 17:17:00,34761.32,34766.45,34650.0,34655.25
2021-01-06 17:18:00,34655.24,34762.99,34650.0,34757.35
2021-01-06 17:19:00,34757.29,34788.0,34718.26,34749.94
2021-01-06 17:20:00,34749.94,34756.18,34714.28,34739.74
2021-01-06 17:21:00,34739.75,34808.19,34734.25,34799.2
2021-01-06 17:22:00,34799.2,34817.22,34782.37,34805.52
2021-01-06 17:23:00,34805.52,34831.94,34804.56,34829.42
2021-01-06 17:24:00,34829.42,34867.36,34790.0,34850.0
2021-01-06 17:25:00,34850.0,34900.0,34807.1,34891.96
2021-01-06 17:26:00,34891.96,34934.02,34887.92,34908.3
2021-01-06 17:27:00,34908.3,34968.9,34908.3,34929.95
2021-01-06 17:28:00,34929.94,34942.83,34858.91,34904.5
2021-01-06 17:29:00,34904.5,34927.25,34888.81,34927.24
2021-01-06 17:30:00,34927.24,34963.67,34897.35,34962.4
2021-01-06 17:31:00,34958.33,34965.0,34917.15,34923.89
2021-01-06 17:32:00,34925.66,34931.69,34869.84,34926.75
2021-01-06 17:33:00,34926.73,35026.04,34916.76,35019.8
2021-01-06 17:34:00,35019.8,35030.87,34961.9,35002.62
2021-01-06 17:35:00,35005.87,35005.87,34928.27,34981.8
2021-01-06 17:36:00,34981.79,35027.96,34981.79,34997.02
2021-01-06 17:37:00,34993.26,34993.26,34914.87,34934.65
2021-01-06 17:38:00,34934.66,34999.23,34912.76,34931.28
2021-01-06 17:39:00,34931.28,34938.64,34870.39,34889.51
2021-01-06 17:40:00,34889.51,34965.82,34886.5,34953.27
2021-01-06 17:41:00,34953.27,34999.0,34930.13,34979.7
2021-01-06 17:42:00,34979.92,34999.96,34963.46,34997.46
2021-01-06 17:43:00,34999.98,34999.99,34930.15,34982.34
2021-01-06 17:44:00,34982.34,35057.81,34960.65,35045.31
2021-01-06 17:45:00,35045.31,35051.68,34963.94,34979.92
2021-01-06 17:46:00,34977.93,34983.68,34928.29,34940.6
2021-01-06 17:47:00,34940.61,34997.66,34933.67,34966.12
2021-01-06 17:48:00,34966.12,34996.99,34945.25,34962.67
2021-01-06 17:49:00,34962.68,34987.48,34901.0,34905.05
2021-01-06 17:50:00,34905.05,34977.33,34905.05,34946.64
2021-01-06 17:51:00,34945.88,34945.89,34855.01,34878.92
2021-01-06 17:52:00,34878.92,34899.94,34850.43,34866.37
2021-01-06 17:53:00,34866.38,34874.99,34830.0,34850.0
2021-01-06 17:54:00,34850.01,34896.81,34842.69,34861.89
2021-01-06 17:55:00,34860.75,34940.5,34855.27,34923.7
2021-01-06 17:56:00,34923.71,34923.71,34851.48,34869.46
2021-01-06 17:57:00,34868.19,34879.3,34840.0,34857.08
2021-01-06 17:58:00,34857.07,34870.52,34817.2,34865.54
2021-01-06 17:59:00,34865.54,34898.53,34845.56,34898.52
2021-01-06 18:00:00,34898.52,35040.0,34894.22,35013.87
2021-01-06 18:01:00,35013.87,35050.0,34967.96,35038.9
2021-01-06 18:02:00,35041.22,35100.0,35032.63,35079.16
2021-01-06 18:03:00,35079.16,35130.0,35074.19,35128.56
2021-01-06 18:04:00,35128.56,35141.17,35081.15,35135.72
2021-01-06 18:05:00,35135.72,35174.79,35131.4,35167.85
2021-01-06 18:06:00,35172.43,35176.77,35124.31,35125.54
2021-01-06 18:07:00,35125.53,35172.09,35110.0,35151.49
2021-01-06 18:08:00,35150.2,35180.0,35150.2,35167.9
2021-01-06 18:09:00,35167.9,35180.0,35129.87,35138.7
2021-01-06 18:10:00,35138.64,35185.0,35130.83,35174.71
2021-01-06 18:11:00,35176.22,35195.0,35174.72,35189.74
2021-01-06 18:12:00,35189.74,35198.29,35157.29,35188.78
2021-01-06 18:13:00,35188.79,35188.79,35165.37,35177.61
2021-01-06 18:14:00,35177.61,35186.78,35152.9,35173.66
2021-01-06 18:15:00,35173.66,35177.63,35078.16,35155.28
2021-01-06 18:16:00,35155.28,35155.28,35067.47,35097.63
2021-01-06 18:17:00,35099.99,35106.94,35016.62,35042.95
2021-01-06 18:18:00,35042.96,35083.99,35035.26,35036.77
2021-01-06 18:19:00,35036.76,35080.11,35021.32,35058.2
2021-01-06 18:20:00,35058.2,35059.44,35017.0,35032.18
2021-01-06 18:21:00,35032.19,35040.66,34965.29,34988.37
2021-01-06 18:22:00,34995.62,34995.62,34917.09,34927.77
2021-01-06 18:23:00,34930.2,34979.87,34930.2,34965.58
2021-01-06 18:24:00,34965.58,35084.0,34965.58,35014.46
2021-01-06 18:25:00,35014.47,35119.44,35013.58,35115.63
2021-01-06 18:26:00,35116.42,35117.11,35068.79,35088.35
2021-01-06 18:27:00,35088.35,35119.03,35072.19,35078.35
2021-01-06 18:28:00,35078.34,35078.35,35007.95,35011.9
2021-01-06 18:29:00,35011.9,35011.9,34950.63,34981.92
2021-01-06 18:30:00,34981.92,34998.57,34950.63,34954.78
2021-01-06 18:31:00,34953.57,35061.02,34925.7,35055.78
2021-01-06 18:32:00,35055.78,35090.73,35033.6,35078.1
2021-01-06 18:33:00,35078.11,35109.44,35058.68,35100.0
2021-01-06 18:34:00,35099.99,35142.85,35099.99,35142.15
2021-01-06 18:35:00,35142.16,35146.14,35109.19,35129.37
2021-01-06 18:36:00,35129.37,35155.0,35118.15,35118.15
2021-01-06 18:37:00,35118.15,35118.16,35046.3,35099.44
2021-01-06 18:38:00,35099.44,35198.71,35099.44,35189.37
2021-01-06 18:39:00,35189.36,35200.0,35159.44,35191.99
2021-01-06 18:40:00,35191.98,35195.0,35139.71,35168.74
2021-01-06 18:41:00,35168.75,35190.82,35118.16,35140.24
2021-01-06 18:42:00,35140.24,35144.13,35104.31,35127.71
2021-01-06 18:43:00,35127.71,35200.0,35117.9,35170.17
2021-01-06 18:44:00,35170.16,35190.0,35143.26,35184.99
2021-01-06 18:45:00,35184.99,35213.0,35164.89,35196.87
2021-01-06 18:46:00,35199.0,35210.0,35185.65,35196.78
2021-01-06 18:47:00,35196.77,35196.78,35167.88,35186.43
2021-01-06 18:48:00,35184.98,35215.0,35180.99,35207.62
2021-01-06 18:49:00,35207.62,35245.0,35167.96,35202.66
2021-01-06 18:50:00,35202.67,35204.01,35172.66,35179.97
2021-01-06 18:51:00,35179.96,35179.96,35102.05,35119.0
2021-01-06 18:52:00,35119.01,35172.45,35119.0,35147.99
2021-01-06 18:53:00,35147.99,35154.35,35064.3,35123.19
2021-01-06 18:54:00,35123.2,35170.0,35100.24,35102.09
2021-01-06 18:55:00,35102.09,35142.37,35094.19,35112.53
2021-01-06 18:56:00,35112.52,35160.0,35108.56,35140.0
2021-01-06 18:57:00,35140.01,35190.38,35126.66,35189.04
2021-01-06 18:58:00,35189.05,35230.0,35185.36,35212.15
2021-01-06 18:59:00,35212.16,35226.13,35187.24,35215.75
2021-01-06 19:00:00,35215.75,35234.08,35200.0,35200.0
2021-01-06 19:01:00,35200.0,35200.01,35120.01,35142.56
2021-01-06 19:02:00,35142.57,35212.74,35138.97,35206.98
2021-01-06 19:03:00,35206.98,35283.44,35204.5,35281.73
2021-01-06 19:04:00,35283.44,35463.0,35278.26,35426.32
2021-01-06 19:05:00,35426.32,35500.0,35415.0,35499.99
2021-01-06 19:06:00,35500.0,35500.0,35383.8,35487.02
2021-01-06 19:07:00,35487.56,35496.65,35441.15,35445.28
2021-01-06 19:08:00,35445.27,35529.17,35441.17,35521.7
2021-01-06 19:09:00,35521.7,35529.17,35478.44,35482.27
2021-01-06 19:10:00,35482.87,35553.79,35478.44,35553.79
2021-01-06 19:11:00,35553.79,35589.0,35524.46,35575.91
2021-01-06 19:12:00,35575.91,35579.62,35500.01,35540.37
2021-01-06 19:13:00,35540.37,35545.76,35462.32,35507.19
2021-01-06 19:14:00,35508.81,35581.0,35508.43,35556.26
2021-01-06 19:15:00,35554.87,35624.71,35552.85,35615.78
2021-01-06 19:16:00,35615.78,35615.78,35516.5,35521.84
2021-01-06 19:17:00,35521.83,35577.08,35490.69,35543.25
2021-01-06 19:18:00,35543.25,35548.46,35432.4,35465.77
2021-01-06 19:19:00,35465.77,35533.27,35431.71,35503.49
2021-01-06 19:20:00,35504.57,35550.0,35477.53,35526.64
2021-01-06 19:21:00,35526.64,35600.0,35521.93,35596.07
2021-01-06 19:22:00,35596.08,35620.92,35554.06,35617.04
2021-01-06 19:23:00,35617.04,35649.67,35602.38,35633.65
2021-01-06 19:24:00,35633.65,35669.0,35600.0,35632.49
2021-01-06 19:25:00,35632.49,35656.6,35564.6,35585.08
2021-01-06 19:26:00,35585.1,35661.44,35564.82,35643.0
2021-01-06 19:27:00,35642.99,35655.04,35602.88,35617.89
2021-01-06 19:28:00,35617.9,35643.05,35562.96,35641.34
2021-01-06 19:29:00,35643.04,35687.0,35614.01,35621.52
2021-01-06 19:30:00,35617.77,35694.16,35617.77,35689.3
2021-01-06 19:31:00,35689.3,35694.15,35647.08,35688.99
2021-01-06 19:32:00,35689.0,35695.0,35660.6,35678.86
2021-01-06 19:33:00,35682.71,35683.71,35557.13,35583.38
2021-01-06 19:34:00,35583.38,35599.08,35482.33,35512.87
2021-01-06 19:35:00,35509.67,35513.9,35322.19,35470.93
2021-01-06 19:36:00,35467.54,35510.2,35384.25,35441.67
2021-01-06 19:37:00,35430.58,35496.15,35416.76,35420.17
2021-01-06 19:38:00,35416.82,35474.48,35408.54,35420.01
2021-01-06 19:39:00,35420.0,35494.96,35400.66,35453.22
2021-01-06 19:40:00,35453.21,35453.21,35400.66,35406.12
2021-01-06 19:41:00,35406.11,35447.11,35350.57,35437.24
2021-01-06 19:42:00,35437.24,35472.26,35428.75,35459.43
2021-01-06 19:43:00,35459.98,35477.25,35433.0,35476.03
2021-01-06 19:44:00,35477.24,35627.77,35447.48,35607.96
2021-01-06 19:45:00,35607.96,35610.78,35585.32,35589.99
2021-01-06 19:46:00,35567.15,35568.22,35565.28,35565.29
2021-01-06 19:47:00,35508.13,35524.78,35508.13,35517.14
2021-01-06 19:48:00,35476.08,35478.17,35472.17,35474.99
2021-01-06 19:49:00,35487.3,35494.7,35480.36,35494.69
2021-01-06 19:50:00,35508.4,35508.41,35508.36,35508.36
2021-01-06 19:51:00,35400.0,35400.0,35388.0,35391.13
2021-01-06 19:52:00,35350.0,35352.88,35350.0,35350.0
2021-01-06 19:53:00,35378.68,35381.14,35378.68,35381.13
2021-01-06 19:54:00,35280.17000000,35280.57000000,35279.90000000,35279.90000000
